accuracy,auc,f1_0,f1_1,precision_0,precision_1,recall_0,recall_1,test_participants,train_participants
0.7086434190941951,0.6693315490290899,0.4090566037735849,0.8066598469081803,0.38509947218838814,0.8234192712084113,0.4361922280984134,0.7905690382354975,18,"5, 7, 9, 11, 12, 17"
0.7591023226616447,0.8020053375014986,0.7463648380700595,0.7706216377764494,0.8251735476799416,0.709353507565337,0.6812971342383107,0.8434739941118744,17,"5, 7, 9, 11, 12, 18"
0.7716464782413638,0.7798748396232125,0.6542455118874334,0.8295296875747571,0.7117820945945946,0.797736265758719,0.6053151373675705,0.8639625274068168,12,"5, 7, 9, 11, 17, 18"
0.7214326074672925,0.6336904481931267,0.3652570070317916,0.8215608207812457,0.39334470989761094,0.8053933074949506,0.34091329266038084,0.8383907262188885,11,"5, 7, 9, 12, 17, 18"
0.5941016858680663,0.6192112203661628,0.5211733221388467,0.6477513993437561,0.6532491449618522,0.5638819813159487,0.4335224792666958,0.7609287139488482,9,"5, 7, 11, 12, 17, 18"
0.7449567723342939,0.7899873482031039,0.7037571420326658,0.7760959651035988,0.6605633802816901,0.8164464023494861,0.7529949363961961,0.7395460969324134,7,"5, 9, 11, 12, 17, 18"
0.7832676099899482,0.7155918890338067,0.42596764284251487,0.8664156698279559,0.3660682858148539,0.9007134363852557,0.5093046033300686,0.83463410155174,5,"7, 9, 11, 12, 17, 18"
