accuracy,auc,f1_0,f1_1,precision_0,precision_1,recall_0,recall_1,test_participants,train_participants
0.7515946137491141,0.7809380672981394,0.2788065843621399,0.8499571917808221,0.5790598290598291,0.7671947449768161,0.18360433604336043,0.9527351247600768,18,"5, 7, 9, 11, 12, 17"
0.7248953974895398,0.8858335387058791,0.6253561253561253,0.7826446280991735,0.9164926931106472,0.6608513607815771,0.4745945945945946,0.9594731509625126,17,"5, 7, 9, 11, 12, 18"
0.8320871608630634,0.9028910582750787,0.8160112359550562,0.8455795677799607,0.8870229007633588,0.792341678939617,0.7555266579973993,0.9064869418702611,12,"5, 7, 9, 11, 17, 18"
0.768361581920904,0.7650210112625393,0.41407108831073647,0.8556468357858625,0.6941031941031941,0.7782887173591723,0.2950391644908616,0.9500801924619086,11,"5, 7, 9, 12, 17, 18"
0.8438843587842847,0.9428432382861248,0.865740150452633,0.8135293075969541,0.9488541084404696,0.7252920745184718,0.7960140679953107,0.9262096774193549,9,"5, 7, 11, 12, 17, 18"
0.8752898310698907,0.9441440881550923,0.8534734384121424,0.8914516361539571,0.8483558994197292,0.8954532290761656,0.8586530931871574,0.8874856486796785,7,"5, 9, 11, 12, 17, 18"
0.8229381443298969,0.8439272372873152,0.5205861828332169,0.8914177335229967,0.7299412915851272,0.8370436331255565,0.40455531453362253,0.9533468559837728,5,"7, 9, 11, 12, 17, 18"
