accuracy,auc,f1_0,f1_1,precision_0,precision_1,recall_0,recall_1,test_participants,train_participants
0.732636428065202,0.6628444751338108,0.32179775280898876,0.8334988414432308,0.4779706275033378,0.7716036772216548,0.24254742547425473,0.906190019193858,18,"5, 7, 9, 11, 12, 17"
0.7314330543933054,0.7580128152468578,0.697852309502795,0.7582960696634502,0.7656552614590059,0.7081318681318681,0.6410810810810811,0.8161094224924013,17,"5, 7, 9, 11, 12, 18"
0.7336039307840205,0.7608358539575353,0.679681479578731,0.7719875662826843,0.8341740226986128,0.6820678513731826,0.5734720416124838,0.8892165122156698,12,"5, 7, 9, 11, 17, 18"
0.6637693756337825,0.5811581738731703,0.32273125182375256,0.7763753733500337,0.36574074074074076,0.7473567056204786,0.2887728459530026,0.807738572574178,11,"5, 7, 9, 12, 17, 18"
0.687175685693106,0.7569155353023485,0.7115121684440798,0.6583549222797926,0.8533945555919974,0.5500541125541125,0.6100820633059789,0.819758064516129,9,"5, 7, 11, 12, 17, 18"
0.7545544882411395,0.7587113750565287,0.6628753412192904,0.80703125,0.7909880564603692,0.738560533841754,0.5704776820673454,0.8894948335246843,7,"5, 9, 11, 12, 17, 18"
0.761340206185567,0.6676740821244347,0.3851261620185923,0.8519347617524783,0.4965753424657534,0.808252427184466,0.31453362255965295,0.9006085192697769,5,"7, 9, 11, 12, 17, 18"
