accuracy,auc,f1_0,f1_1,hyperparameters,iteration,precision_0,precision_1,recall_0,recall_1,train_percentage
0.808194521450554,0.8537889561200244,0.6758467095792933,0.8638023507931074,"{""solver"": ""sgd"", ""hidden_layer_sizes"": [128, 64, 32, 16, 4], ""activation"": ""relu"", ""learning_rate"": ""adaptive""}",0,0.8152273620757436,0.8059089699228108,0.5771675093937004,0.9306571586647815,0.01
0.8096063506418469,0.8685838556999489,0.7121425044627597,0.8577648493947639,"{""solver"": ""adam"", ""hidden_layer_sizes"": [128, 64, 32, 16, 4], ""activation"": ""relu"", ""learning_rate"": ""adaptive""}",0,0.7487620467493744,0.8375255011666402,0.6789378394689197,0.8790066157238833,0.05
0.8399625229811908,0.8952350794380094,0.764453348597596,0.8788118122674092,"{""solver"": ""adam"", ""hidden_layer_sizes"": [128, 64, 32, 16, 4], ""activation"": ""tanh"", ""learning_rate"": ""adaptive""}",0,0.7801439154563076,0.8698111957601855,0.7493814879995919,0.8880006492715984,0.1
0.8549296474916721,0.9132172831327368,0.7851114286135128,0.8905050323103596,"{""solver"": ""adam"", ""hidden_layer_sizes"": [128, 64, 32, 16, 4], ""activation"": ""tanh"", ""learning_rate"": ""adaptive""}",0,0.8067259958832789,0.8785114543381362,0.7646248744799885,0.902830619388221,0.2
0.8551054037161202,0.9122100562177806,0.7739441863763697,0.893383951567047,"{""solver"": ""adam"", ""hidden_layer_sizes"": [128, 64, 32, 16, 4], ""activation"": ""relu"", ""learning_rate"": ""adaptive""}",0,0.8416303551459531,0.860736038155393,0.7163346352029932,0.9286061954594445,0.3
