accuracy,auc,f1_0,f1_1,precision_0,precision_1,recall_0,recall_1,test_participants,train_participants
0.7025159461374911,0.6430813684336459,0.3499806426635695,0.8071223434807582,0.4083107497741644,0.7743001983689662,0.3062330623306233,0.8428502879078695,18,"5, 7, 9, 11, 12, 17"
0.6744246861924686,0.7291507160656097,0.5938009787928222,0.7283438795548768,0.7489711934156379,0.6397087006515907,0.4918918918918919,0.8454913880445796,17,"5, 7, 9, 11, 12, 18"
0.7652211066011536,0.8137749875931608,0.7398816568047337,0.7860619038349231,0.8149113660062565,0.7307274701411509,0.6775032509752926,0.850463352990733,12,"5, 7, 9, 11, 17, 18"
0.6808633927277995,0.608542695681123,0.339033903390339,0.7896495750978707,0.39844851904090267,0.7538742023701003,0.2950391644908616,0.8289895749799518,11,"5, 7, 9, 12, 17, 18"
0.6413639733135656,0.6969925405589381,0.6658378229037161,0.6130219164933609,0.8103564223268326,0.5080880403076107,0.5650644783118406,0.7725806451612903,9,"5, 7, 11, 12, 17, 18"
0.77393176548526,0.8232037586298973,0.7477360931435965,0.795198799699925,0.7080854042702135,0.8330713612071675,0.7920908379013313,0.7606199770378875,7,"5, 9, 11, 12, 17, 18"
0.765979381443299,0.7145362258898622,0.4910313901345291,0.8480589022757697,0.5081206496519721,0.8396288933068257,0.4750542299349241,0.8566599053414469,5,"7, 9, 11, 12, 17, 18"
