accuracy,auc,f1_0,f1_1,precision_0,precision_1,recall_0,recall_1,test_participants,train_participants
0.7786340685623173,0.7622995221832432,0.2970464135021097,0.8686327077747988,0.624113475177305,0.7911519678253376,0.19490586932447398,0.9629370629370629,18,"5, 7, 9, 11, 12, 17"
0.7041977245978815,0.8633684988285732,0.6651865008880995,0.7350667603654252,0.845372460496614,0.6289837642814191,0.5483162518301611,0.8841927303465765,17,"5, 7, 9, 11, 12, 18"
0.8180070490227491,0.8975227296993192,0.8001407459535538,0.8329411764705882,0.8903680501174628,0.7678958785249458,0.726517571884984,0.910025706940874,12,"5, 7, 9, 11, 17, 18"
0.788787483702738,0.7684208271145667,0.49056603773584906,0.8667763157894736,0.5931558935361216,0.8292682926829268,0.41823056300268097,0.9078380706287683,11,"5, 7, 9, 12, 17, 18"
0.9068267734044919,0.9571070861277797,0.9250044746733488,0.8770179043146463,0.9382716049382716,0.8571428571428571,0.9121073067419696,0.8978365384615384,9,"5, 7, 11, 12, 17, 18"
0.8954297069051167,0.959969057802931,0.8932826362484158,0.897492086681276,0.9519178822258239,0.8473563218390805,0.8414517669531996,0.9539337474120083,7,"5, 9, 11, 12, 17, 18"
0.8233475067645922,0.8653991645518518,0.5635148042024833,0.8892658105161134,0.8060109289617486,0.8262044124268347,0.4331864904552129,0.9627492130115425,5,"7, 9, 11, 12, 17, 18"
