accuracy,auc,f1_0,f1_1,precision_0,precision_1,recall_0,recall_1,test_participants,train_participants
0.779431304809992,0.7602006520611172,0.34022257551669316,0.8675813656668795,0.6028169014084507,0.7978286384976526,0.2369878183831672,0.9506993006993008,18,"5, 7, 9, 11, 12, 17"
0.7143978030600235,0.8769618150742151,0.666971637694419,0.7499999999999999,0.8890243902439025,0.631578947368421,0.5336749633967789,0.9230769230769231,17,"5, 7, 9, 11, 12, 18"
0.8167254085229093,0.8961281486896031,0.7984496124031009,0.8319623971797885,0.8900235663786331,0.7662337662337663,0.723961661341853,0.910025706940874,12,"5, 7, 9, 11, 17, 18"
0.8016079965232508,0.7701001186151964,0.4969696969696969,0.8764379483015292,0.6479885057471264,0.8289810547875064,0.40303842716711347,0.9296583405110537,11,"5, 7, 9, 12, 17, 18"
0.9003780297976429,0.9556380926036548,0.9193374144760533,0.8697674418604651,0.938257993384785,0.8423423423423423,0.9011648429226968,0.8990384615384616,9,"5, 7, 11, 12, 17, 18"
0.8984103328365624,0.9616788131722105,0.898081235983055,0.8987373112156474,0.9390307451797811,0.8614143331751305,0.8605539637058262,0.9394409937888198,7,"5, 9, 11, 12, 17, 18"
0.8221878623888674,0.8731473220820563,0.5619047619047619,0.8884578079534432,0.7994579945799458,0.8259693417493237,0.4331864904552129,0.9611752360965372,5,"7, 9, 11, 12, 17, 18"
