accuracy,auc,f1_0,f1_1,precision_0,precision_1,recall_0,recall_1,test_participants,train_participants
0.7565383797576015,0.7886254337986135,0.4581164221486039,0.8430001371177841,0.7616050354051928,0.7557467732022126,0.327580372250423,0.9530305379011006,18,"5, 7, 9, 11, 12, 17"
0.8080665411173886,0.928129866640441,0.8041633306645316,0.8118172026465611,0.9124273255813954,0.7287292817679558,0.7188663040366448,0.9162903786036818,17,"5, 7, 9, 11, 12, 18"
0.8382466034350167,0.8858728477699302,0.7834591626630061,0.8709083469721768,0.8477534348310435,0.8332354668232531,0.7282296650717703,0.9121491322048425,12,"5, 7, 9, 11, 17, 18"
0.762952016689847,0.7832432546971386,0.3502501786990708,0.8550316304290043,0.7728706624605678,0.7620581825073439,0.22643253234750463,0.9738435456527004,11,"5, 7, 9, 12, 17, 18"
0.8100702784449783,0.9198308567684593,0.8218309271467914,0.7966472997428327,0.948382126348228,0.6913539428004629,0.7250773082020321,0.9397752808988764,9,"5, 7, 11, 12, 17, 18"
0.8484547351684388,0.9125196597185818,0.8096842630725072,0.8741022042433748,0.8664529914529915,0.8377907896819117,0.7598969313656594,0.9137038315498792,7,"5, 9, 11, 12, 17, 18"
0.8311427246018247,0.8760520420090132,0.6091624910522548,0.8923076923076922,0.7814508723599632,0.8412049088880624,0.4991202346041056,0.9500209995800084,5,"7, 9, 11, 12, 17, 18"
