accuracy,auc,f1_0,f1_1,precision_0,precision_1,recall_0,recall_1,test_participants,train_participants
0.7786340685623173,0.7623283693051136,0.322213181448332,0.8677147848181672,0.6073619631901841,0.7948792551643875,0.21926910299003322,0.9552447552447553,18,"5, 7, 9, 11, 12, 17"
0.7120439387995292,0.8741944506670263,0.6666666666666666,0.7465469613259668,0.8779904306220095,0.6310566258026854,0.5373352855051244,0.9137785291631445,17,"5, 7, 9, 11, 12, 18"
0.8173662287728293,0.8972656602905787,0.7992957746478873,0.8324514991181658,0.8901960784313725,0.7670639219934995,0.7252396166134185,0.910025706940874,12,"5, 7, 9, 11, 17, 18"
0.8024771838331161,0.7706934511736696,0.5040916530278233,0.8766788766788767,0.6470588235294118,0.8310185185185185,0.4128686327077748,0.9276485788113695,11,"5, 7, 9, 12, 17, 18"
0.9048254391816767,0.9541277339189226,0.9231321839080461,0.875072971395213,0.9396709323583181,0.8507377979568672,0.9071655488881045,0.9008413461538461,9,"5, 7, 11, 12, 17, 18"
0.8976651763537009,0.9619651730963553,0.8965344048216977,0.8987714987714989,0.9454449152542372,0.8554724041159962,0.8524355300859598,0.9466873706004141,7,"5, 9, 11, 12, 17, 18"
0.8237340548898338,0.8677790053205505,0.5648854961832062,0.8894813378574891,0.8065395095367848,0.8265765765765766,0.434654919236417,0.9627492130115425,5,"7, 9, 11, 12, 17, 18"
