accuracy,auc,f1_0,f1_1,precision_0,precision_1,recall_0,recall_1,test_participants,train_participants
0.7593025728258558,0.7913419685191583,0.4657857479943369,0.8446548648277755,0.769290724863601,0.7577249784562354,0.33401015228426395,0.9541156409858936,18,"5, 7, 9, 11, 12, 17"
0.8063402385436284,0.9288131664509985,0.8001295756397797,0.8121765601217656,0.9212980231256994,0.7228393389325386,0.7071285427998855,0.9267106634248002,17,"5, 7, 9, 11, 12, 18"
0.8344014355293514,0.8872866565580244,0.7752261656228253,0.8689123376623376,0.8526597780329124,0.8252071690113703,0.7106858054226475,0.9175058924362546,12,"5, 7, 9, 11, 17, 18"
0.7608657858136301,0.7813614184986437,0.35285815102328866,0.8533347550247907,0.746268656716418,0.762263072673588,0.23105360443622922,0.9691208525066602,11,"5, 7, 9, 12, 17, 18"
0.8131838804376835,0.9189032907069667,0.8258706467661692,0.798503166378814,0.9451508825204024,0.6967515070328199,0.7333235164187896,0.9350561797752809,9,"5, 7, 11, 12, 17, 18"
0.8435854119049985,0.9104682811347641,0.8028557114228457,0.8703673200461209,0.8627187079407806,0.8323881537492124,0.7507613024127431,0.9119779081808768,7,"5, 9, 11, 12, 17, 18"
0.8350085047162518,0.8775898763549657,0.6168761220825852,0.8948664893092917,0.7953703703703704,0.8429552626693892,0.5038123167155425,0.9535909281814364,5,"7, 9, 11, 12, 17, 18"
