accuracy,auc,f1_0,f1_1,precision_0,precision_1,recall_0,recall_1,test_participants,train_participants
0.7531892274982283,0.7806606763884338,0.2718243596445374,0.8514133333333332,0.5949656750572082,0.766468215863261,0.17615176151761516,0.9575335892514395,18,"5, 7, 9, 11, 12, 17"
0.7262029288702929,0.8853484487527041,0.6267379679144384,0.7838116869708857,0.9204188481675393,0.6615545486232136,0.4751351351351351,0.961499493414387,17,"5, 7, 9, 11, 12, 18"
0.8314462721640675,0.9022017894332075,0.815092570892899,0.8451422963689893,0.8872448979591837,0.7912532157295112,0.7537928045080191,0.9069081718618366,12,"5, 7, 9, 11, 17, 18"
0.7734318412284514,0.7633615193435525,0.4370050395968323,0.8581791802684078,0.7033603707995365,0.7834437086092715,0.31697127937336816,0.9486768243785084,11,"5, 7, 9, 12, 17, 18"
0.8487768717568569,0.9413738985742919,0.8712771327612316,0.8167445203018325,0.9434271658923203,0.7365521710952689,0.8093786635404455,0.9165322580645161,9,"5, 7, 11, 12, 17, 18"
0.8711493872143093,0.9435182829302676,0.8489320388349515,0.8876696505919722,0.8420647149460708,0.8930854154561302,0.855912294440094,0.8823191733639495,7,"5, 9, 11, 12, 17, 18"
0.8211340206185567,0.8398125088916559,0.5173852573018081,0.89022461246441,0.7209302325581395,0.8365041617122473,0.403470715835141,0.9513184584178499,5,"7, 9, 11, 12, 17, 18"
